plasmodb_id,Accession,logFC,AveExpr,P.Value,adj.P.Val,contrast,description,stage,pelle_cluster
PF3D7_0203700,PFB0175c.1,2.66666156237642,7.86020526331245,1.17E-09,5.09E-07,blood_vs_BM,"protein MAK16, putative",circulating,60
PF3D7_1230700,PFL1480w.1,2.05806321406189,7.93967988785173,5.66E-09,1.24E-06,blood_vs_BM,protein transport protein SEC13,circulating,17
PF3D7_0802000,PF08_0132.1,2.65439063072219,6.82792210750377,7.63E-08,1.11E-05,blood_vs_BM,"glutamate dehydrogenase, putative",circulating,90
PF3D7_0506400,PFE0315c.1,1.46956028690614,1.9824735986353,5.38E-07,4.70E-05,blood_vs_BM,"conserved Plasmodium protein, unknown function",mat_gam,35
PF3D7_1346700,PF13_0247.1,-2.74729212851398,4.70138117660765,7.55E-07,5.50E-05,blood_vs_BM,6-cysteine protein,imm_gam,36
PF3D7_0909700,PFI0470w.1,-1.73299244134665,8.2429940126121,1.17E-06,7.32E-05,blood_vs_BM,"FHA domain protein, putative",circulating,28
PF3D7_0212600,PFB0570w.1,1.36964328162636,1.38909984805191,3.12E-06,0.000130316679845,blood_vs_BM,secreted protein with altered thrombospondin repeat domain,sexc,266
PF3D7_0527500,PFE1370w.1,1.53754131465977,10.0938317962607,3.28E-06,0.000130316679845,blood_vs_BM,Hsc70-interacting protein,circulating,79
PF3D7_0705500,PF07_0024.1,1.42437361712696,8.85815335766616,3.09E-06,0.000130316679845,blood_vs_BM,"inositol-phosphate phosphatase, putative",sequestered,229
PF3D7_0927300,PFI1340w.1,1.53684878785993,2.12368862073775,5.27E-06,0.000191893810572,blood_vs_BM,fumarate hydratase,sequestered,242
PF3D7_0321200,PFC0935c.1,1.228444184139,2.09975913534566,1.01E-05,0.000338847568185,blood_vs_BM,"UDP-N-acetylglucosamine--dolichyl-phosphate N-acetylglucosaminephosphotransferase, putative",sequestered,252
PF3D7_0220200,PF3D7_0220200.1,-1.13101686493899,10.521604086317,1.26E-05,0.000387677596526,blood_vs_BM,"Plasmodium exported protein, unknown function",circulating,98
PF3D7_0809600,MAL8P1_113.1,-2.6458981294139,4.39264764053484,1.33E-05,0.000387677596526,blood_vs_BM,"peptidase family C50, putative",sequestered,171
PF3D7_0602400,PFF0115c.1,1.96785168449683,5.43287340563742,1.64E-05,0.000412963415437,blood_vs_BM,elongation factor G,sequestered,137
PF3D7_0602400,PFF0115c.1,1.96785168449683,5.43287340563742,1.64E-05,0.000412963415437,blood_vs_BM,elongation factor G,sequestered,160
PF3D7_0802300,PF08_0130.1,1.36492177417696,8.18741223076472,1.76E-05,0.000412963415437,blood_vs_BM,"periodic tryptophan protein 2, putative",circulating,77
PF3D7_0902100,PFI0100c.1,1.77931428007487,2.29409780191935,1.80E-05,0.000412963415437,blood_vs_BM,"serine/threonine protein kinase, FIKK family",sexc,272
PF3D7_1250100,PFL2405c.1,1.50856190567805,3.08186478439149,1.54E-05,0.000412963415437,blood_vs_BM,osmiophilic body protein G377,mat_gam,49
PF3D7_1134600,PF11_0357.1,-1.79019196293987,2.19616408047844,3.14E-05,0.000685144960133,blood_vs_BM,"zinc finger protein, putative",gam_ring,110
PF3D7_0715900,PF07_0065.1,-2.57209929586031,3.0391537576136,3.70E-05,0.000735932996056,blood_vs_BM,"cation diffusion facilitator family protein, putative",sequestered,212
PF3D7_1235200,PFL1700c.1,1.50438581726049,2.14099424718074,3.59E-05,0.000735932996056,blood_vs_BM,V-type K+-independent H+-translocating inorganic pyrophosphatase,sexc,272
PF3D7_1443300,PF14_0411.1,1.46340680562191,9.02088870437005,3.90E-05,0.00074078865936,blood_vs_BM,"U6 snRNA-associated Sm-like protein LSm5, putative",circulating,86
PF3D7_0806800,PF08_0113.1,2.4163147672012,7.50415427423863,8.52E-05,0.001488602127851,blood_vs_BM,"V-type proton ATPase subunit a, putative",sequestered,269
PF3D7_0210300,PFB0465c.1,1.25192633290355,4.42323904247943,9.67E-05,0.001564604533432,blood_vs_BM,"monocarboxylate transporter, putative",sequestered,182
PF3D7_0922900,PFI1125c.1,1.32106030297785,2.26753140495055,9.34E-05,0.001564604533432,blood_vs_BM,3-oxoacyl-[acyl-carrier-protein] reductase,mat_gam,240
PF3D7_0214300,PFB0650w.1,1.38179954096,1.62301957385466,0.000119725341927,0.001804460995451,blood_vs_BM,"conserved Plasmodium protein, unknown function",sexc,249
PF3D7_0708200,PF07_0028.1,-1.96829624214187,2.92907089570783,0.00012687670316,0.001848170642698,blood_vs_BM,"conserved Plasmodium protein, unknown function",imm_gam,36
PF3D7_0106300,PFA0310c.1,2.23021234057828,7.8056322596856,0.000135375408202,0.001908356560777,blood_vs_BM,calcium-transporting ATPase,sequestered,167
PF3D7_1016600,PF10_0161.1,-2.20430034705144,2.76303822873856,0.000157720299955,0.002153867846256,blood_vs_BM,"Plasmodium exported protein (PHISTc), unknown function",imm_gam,125
PF3D7_1149500,PF11_0512.1,-0.951907098531439,9.98436844801601,0.000172002324432,0.002215231912083,blood_vs_BM,"ring-infected erythrocyte surface antigen 2, pseudogene",circulating,23
PF3D7_1431300,PF14_0292.1,1.13358927601264,8.00218991198505,0.000172352139613,0.002215231912083,blood_vs_BM,"large subunit GTPase 1, putative",circulating,60
PF3D7_0113600,PFA0650w.1,1.54498523788336,2.29608172706,0.000178184515319,0.002224760948414,blood_vs_BM,"surface-associated interspersed protein 1.2 (SURFIN 1.2), pseudogene",circulating,52
PF3D7_1149000,PF11_0506.1,1.71221759252734,5.80713424364657,0.000200370301444,0.002432272825856,blood_vs_BM,"antigen 332, DBL-like protein",sequestered,130
PF3D7_1149000,PF11_0506.1,1.71221759252734,5.80713424364657,0.000200370301444,0.002432272825856,blood_vs_BM,"antigen 332, DBL-like protein",sequestered,130
PF3D7_0722800,PF07_0094.1,-2.23000105062882,3.55630068359353,0.000208982739811,0.002468255602629,blood_vs_BM,"conserved protein, unknown function",mat_gam,240
PF3D7_1221400,PFL1030w.1,-1.70778378274462,5.20090709065322,0.000228822016747,0.002631453192589,blood_vs_BM,"inner membrane complex protein 1h, putative",mat_gam,241
PF3D7_1022300,PF10_0216.1,-2.12234236366113,2.93395733509087,0.000241645157933,0.002707664974786,blood_vs_BM,"ZIP domain-containing protein, putative",imm_gam,202
PF3D7_0401900,PFD0085c.1,2.28875579720679,5.85801988884224,0.000322693382156,0.003439439219566,blood_vs_BM,acyl-CoA synthetase,circulating,37
PF3D7_0504100,PFE0200c.1,1.12154953822959,2.85796576867917,0.000340857226057,0.003464060646212,blood_vs_BM,"AN1-type zinc finger protein, putative",sexc,272
PF3D7_1431100,PF14_0290.1,-2.17158253519642,3.78380112561025,0.000335016155666,0.003464060646212,blood_vs_BM,PhIL1 interacting protein PIP2,imm_gam,262
PF3D7_0932200,PFI1565w.1,-1.3511169969715,5.11703008465444,0.000367023311925,0.003645208802531,blood_vs_BM,profilin,sequestered,237
PF3D7_0717000,PF3D7_0717000.1,0.719537577304377,6.54557074917733,0.000376451775167,0.003655765016624,blood_vs_BM,"conserved Plasmodium membrane protein, unknown function",imm_gam,196
PF3D7_1414000,PF14_0138.1,-1.73592572016308,5.72809773161274,0.000396207421402,0.003763970503322,blood_vs_BM,"26S proteasome regulatory subunit RPN13, putative",sequestered,212
PF3D7_1302000,PF3D7_1302000.1,-0.864437558726775,10.3408063516985,0.000435390783394,0.004048207922191,blood_vs_BM,EMP1-trafficking protein,circulating,60
PF3D7_0526500,PFE1320w.1,0.816743080473874,8.35510942879649,0.000476506710003,0.004338196505654,blood_vs_BM,"conserved Plasmodium protein, unknown function",circulating,66
PF3D7_0820600,MAL8P1_56.1,-2.06477755085975,3.95524928341817,0.000495577429818,0.004396811956544,blood_vs_BM,"conserved protein, unknown function",sequestered,213
PF3D7_1409200,PF14_0089.1,-1.64107123630831,3.17927876857082,0.000503067729582,0.004396811956544,blood_vs_BM,"conserved Plasmodium protein, unknown function",sequestered,212
PF3D7_0311900,PFC0505c.1,0.992526843312715,2.96188423436012,0.000570720614366,0.004681277147538,blood_vs_BM,"heptatricopeptide repeat-containing protein, putative",sequestered,183
PF3D7_0527900,PFE1390w.1,1.13915928973667,8.46711418352511,0.000572080134038,0.004681277147538,blood_vs_BM,"ATP-dependent RNA helicase DDX41, putative",circulating,105
PF3D7_0731800,MAL7P1_178.1,-1.88737067492684,7.09545174034428,0.0005525193679,0.004681277147538,blood_vs_BM,"alpha/beta hydrolase, putative",circulating,25
PF3D7_1323700,MAL13P1_130.1,-1.97389959957579,1.49871640724789,0.000593727995797,0.004681277147538,blood_vs_BM,glideosome associated protein with multiple membrane spans 1,sexc,266
PF3D7_1362700,MAL13P1_313.1,-2.16021384972052,3.18074168740456,0.000578888674749,0.004681277147538,blood_vs_BM,"conserved Plasmodium protein, unknown function",gam_ring,110
PF3D7_1362700,MAL13P1_313.1,-2.16021384972052,3.18074168740456,0.000578888674749,0.004681277147538,blood_vs_BM,"conserved Plasmodium protein, unknown function",sequestered,209
PF3D7_0828800,PF08_0008.1,-2.00197899422305,4.30590872732867,0.000636741997946,0.004851074745909,blood_vs_BM,GPI-anchored micronemal antigen,sequestered,279
PF3D7_1031000,PF10_0303.1,-1.61567205479928,7.98625956977939,0.000643849737443,0.004851074745909,blood_vs_BM,ookinete surface protein P25,mat_gam,49
PF3D7_1024800,PF10_0242.1,0.680558183536826,12.3573299533004,0.000883704554599,0.006436314839328,blood_vs_BM,exported protein 3,circulating,54
PF3D7_0316000,PFC0700c.1,-0.94920738141444,5.80227428741749,0.000908736112964,0.006510125924022,blood_vs_BM,microneme associated antigen,sequestered,279
PF3D7_1461900,PF14_0589.1,0.69751164463672,9.27365380572773,0.001019893413011,0.007188603572349,blood_vs_BM,"valine--tRNA ligase, putative",circulating,86
PF3D7_0413500,PFD0660w.1,1.22424728630307,3.94408626553525,0.00112462797072,0.007800990844517,blood_vs_BM,phosphoglucomutase-2,sexc,224
PF3D7_0201900,PFB0095c.1,1.02063252741731,9.18811713018362,0.001185718421044,0.008096233593693,blood_vs_BM,erythrocyte membrane protein 3,circulating,90
PF3D7_0424400,PFD1160w.1,1.31628023699029,2.94041776428521,0.001212417477995,0.00815117596744,blood_vs_BM,surface-associated interspersed protein 4.2 (SURFIN 4.2),sequestered,8
PF3D7_1356800,MAL13P1_278.1,-1.97180065479427,4.05989103172503,0.001309732506241,0.00867201674587,blood_vs_BM,"serine/threonine protein kinase, putative",sequestered,275
PF3D7_1441200,PF14_0391.1,-0.586655303864102,11.3654885467597,0.001502050563231,0.009796956658686,blood_vs_BM,"60S ribosomal protein L1, putative",circulating,80
PF3D7_1141500,PF11_0426.1,1.37552334488603,4.32392537533289,0.001578694567309,0.010145434204618,blood_vs_BM,"conserved Plasmodium protein, unknown function",NA,283
PF3D7_1211700,PFL0580w.1,1.35111465108504,4.94327392485231,0.001616659337167,0.010238842468726,blood_vs_BM,"DNA replication licensing factor MCM5, putative",imm_gam,196
PF3D7_0819200,PF3D7_0819200.1,1.36832227577714,2.91478465669708,0.001694973380368,0.010507056150281,blood_vs_BM,perforin-like protein 5,sequestered,143
PF3D7_0716900,PF3D7_0716900.1,-1.2668842409819,7.76968595534448,0.001981322121729,0.012025524544386,blood_vs_BM,drug/metabolite transporter DMT2,sequestered,132
PF3D7_1474000,PF14_0708.1,-1.72130021482723,2.96580538839389,0.002152779387473,0.012861013378147,blood_vs_BM,"conserved Plasmodium protein, unknown function",sequestered,14
PF3D7_1330500,PF13_0164.1,-1.57547296689757,5.01484556994142,0.002416567877732,0.013749276345024,blood_vs_BM,"CTLH domain-containing protein, putative",sequestered,212
PF3D7_1421900,PF14_0211.1,-1.25658799174601,4.28280245477962,0.002422641369718,0.013749276345024,blood_vs_BM,"copper transporter, putative",sequestered,242
PF3D7_1012300,PF10_0120.1,-1.65631170920582,2.97056116340107,0.002547131781323,0.014270469082542,blood_vs_BM,"cytochrome b-c1 complex subunit 7, putative",sexc,224
PF3D7_1406800,PF14_0065.1,-1.93398802887645,3.48760337737187,0.002680766380722,0.014829049473106,blood_vs_BM,glideosome associated protein with multiple membrane spans 3,sexc,266
PF3D7_0202000,PFB0100c.1,1.12495580349893,12.0376567045489,0.002950108659871,0.016114968554543,blood_vs_BM,knob-associated histidine-rich protein,circulating,101
PF3D7_0605900,PFF0290w.1,0.859896705592429,8.92779926617535,0.003120058897237,0.016832910346823,blood_vs_BM,"long chain polyunsaturated fatty acid elongation enzyme, putative",sequestered,273
PF3D7_0605900,PFF0290w.1,0.859896705592429,8.92779926617535,0.003120058897237,0.016832910346823,blood_vs_BM,"long chain polyunsaturated fatty acid elongation enzyme, putative",sequestered,280
PF3D7_1201200,PFL0060w.1,-1.08462685289691,10.6964777890996,0.003245663309399,0.017272193176171,blood_vs_BM,"Plasmodium exported protein (PHISTa-like), unknown function",circulating,18
PF3D7_1250000,PFL2400w.1,0.578103657777543,8.81697149633137,0.003280530969387,0.017272193176171,blood_vs_BM,"rRNA-processing protein FCF2, putative",circulating,59
PF3D7_1438800,PF14_0367.1,-1.82551150472065,3.92980916975069,0.003360478684686,0.017482490300095,blood_vs_BM,"OST-HTH associated domain protein, putative",imm_gam,36
PF3D7_0525100,PFE1250w.1,0.562282040780601,10.5401853190895,0.003584639440093,0.018429263944951,blood_vs_BM,acyl-CoA synthetase,circulating,18
PF3D7_0601500,PF3D7_0601500.1,1.2770772570564,4.18331062796824,0.004157307655646,0.021124923785085,blood_vs_BM,"Plasmodium exported protein (PHISTb), unknown function",gam_ring,81
PF3D7_0215300,PFB0695c.1,-1.11143506434494,8.07177446151919,0.004277116391396,0.021483906471727,blood_vs_BM,acyl-CoA synthetase,circulating,16
PF3D7_0209000,PFB0405w.1,1.26221302848015,3.71839930946488,0.004466425807832,0.021798125947037,blood_vs_BM,6-cysteine protein P230,sequestered,3
PF3D7_0500900,PFE0045c.1,1.04667612261926,3.690211080227,0.004539197851671,0.021798125947037,blood_vs_BM,"serine/threonine protein kinase, FIKK family",sexc,272
PF3D7_0513200,PFE0655w.1,-0.979404064625019,8.60251771559226,0.004427997514394,0.021798125947037,blood_vs_BM,"conserved Plasmodium protein, unknown function",circulating,85
PF3D7_0922500,PFI1105w.1,0.504750021864499,12.0328038377627,0.004520592040355,0.021798125947037,blood_vs_BM,phosphoglycerate kinase,circulating,86
PF3D7_0208900,PFB0400w.1,0.903781280825522,2.39279963086776,0.004773809669084,0.022675595928151,blood_vs_BM,6-cysteine protein P230p,imm_gam,210
PF3D7_0417200,PFD0830w.1,0.84510219013035,2.61983339304865,0.004995951800964,0.023475601473345,blood_vs_BM,bifunctional dihydrofolate reductase-thymidylate synthase,sequestered,170
PF3D7_1205700,PFL0285w.1,-0.776456656810641,5.94735149853913,0.005323105822643,0.024746779196754,blood_vs_BM,targeted glyoxalase II,sequestered,179
PF3D7_1320600,PF13_0119.1,-0.551141580614879,9.66923123238864,0.005986924099077,0.027252977409342,blood_vs_BM,ras-related protein Rab-11A,circulating,59
PF3D7_1468600,PF14_0654.1,-1.38917793483753,3.10241093748521,0.005960939707176,0.027252977409342,blood_vs_BM,"aminophospholipid transporter, putative",imm_gam,84
PF3D7_0204700,PFB0210c.1,0.568974172636625,10.8392457619783,0.006197173135605,0.027634333267955,blood_vs_BM,hexose transporter,circulating,76
PF3D7_1223700,PFL1140w.1,0.57335444853837,7.79440255450371,0.006141047796501,0.027634333267955,blood_vs_BM,vacuolar iron transporter,sequestered,141
PF3D7_1351100,MAL13P1_257.1,-0.562553528960849,8.89250537762367,0.006422422854338,0.028349482700464,blood_vs_BM,"conserved protein, unknown function",circulating,86
PF3D7_0425300,PFD1210w.1,0.782377367916051,2.63927733495945,0.006609995256343,0.028599682445763,blood_vs_BM,"Plasmodium exported protein (PHISTa), unknown function, pseudogene",sequestered,251
PF3D7_0731100,MAL7P1_172.1,0.555485439473824,11.7209990416219,0.006573930587231,0.028599682445763,blood_vs_BM,EMP1-trafficking protein,circulating,23
PF3D7_1208600,PFL0430w.1,0.742384486392125,8.21321003359609,0.007466779090237,0.031990024141504,blood_vs_BM,"mitochondrial import inner membrane translocase subunit TIM10, putative",circulating,96
PF3D7_0817300,PF08_0060.1,0.680023915578592,7.44911117657583,0.008546994442441,0.036208110473284,blood_vs_BM,"conserved Plasmodium protein, unknown function",circulating,90
PF3D7_0821400,MAL8P1_52.1,-1.35750917470867,10.1759846920007,0.008782745332192,0.036208110473284,blood_vs_BM,"conserved Plasmodium protein, unknown function",circulating,17
PF3D7_1332100,PF13_0172.1,-1.42246719179101,2.94771158344463,0.008693919684687,0.036208110473284,blood_vs_BM,"conserved protein, unknown function",circulating,87
PF3D7_1346300,MAL13P1_233.1,0.424804983410412,11.9747701242161,0.008738609742224,0.036208110473284,blood_vs_BM,DNA/RNA-binding protein Alba 2,circulating,106
PF3D7_0730900,MAL7P1_171.1,0.658867911848946,8.8750414156334,0.009096974853714,0.037153065524047,blood_vs_BM,EMP1-trafficking protein,circulating,90
PF3D7_1242300,PFL2035c.1,1.21164432996213,6.27035346438529,0.00927302009885,0.037521386881458,blood_vs_BM,"conserved Plasmodium membrane protein, unknown function",sequestered,151
PF3D7_1478100,PF3D7_1478100.1,-1.02763064957565,7.86538099401506,0.0103907973328,0.041504974824042,blood_vs_BM,"Plasmodium exported protein (hyp13), unknown function",circulating,18
PF3D7_1362600,MAL13P1_312.1,-1.70542406825173,4.48871099173379,0.01085386300552,0.042730974174886,blood_vs_BM,"conserved protein, unknown function",mat_gam,49
PF3D7_1439300,PF3D7_1439300.1,-0.841899334388733,7.83344174983107,0.011396496873328,0.044466688693253,blood_vs_BM,"Sad1/UNC domain-containing protein, putative",sequestered,191
PF3D7_0209600,PFB0435c.1,1.11072112428344,5.53420535814444,0.012168763552353,0.046646926950687,blood_vs_BM,"transporter, putative",sequestered,242
PF3D7_0936500,PF3D7_0936500.1,-0.657344204679357,4.50489381367169,0.012131286716227,0.046646926950687,blood_vs_BM,virulence-associated protein 1,gam_ring,13
PF3D7_1134000,PF11_0351.1,0.584937296565176,8.09488948367481,0.012414437923754,0.047174864110263,blood_vs_BM,heat shock protein 70,circulating,96
PF3D7_1348300,MAL13P1_243.1,0.955168284817357,6.67498204366205,0.013157935502027,0.049569119089533,blood_vs_BM,"elongation factor Tu, putative",circulating,96
PF3D7_0728600,MAL7P1_155.1,-0.621642782568547,0.495979923638705,0.013609279955667,0.05040046898836,blood_vs_BM,"RING zinc finger protein, putative",sequestered,212
PF3D7_0831100,MAL8P1_1.1,-1.6044636414621,3.24042122019324,0.01353746281631,0.05040046898836,blood_vs_BM,surface-associated interspersed protein 8.1 (SURFIN 8.1),circulating,55
PF3D7_0401800,PF3D7_0401800.1,1.01872109775505,9.58223396500384,0.01377169572884,0.05056684785105,blood_vs_BM,"Plasmodium exported protein (PHISTb), unknown function",circulating,92
PF3D7_0918000,PFI0880c.1,-1.09066262620311,5.84625449860928,0.013885633277176,0.05056684785105,blood_vs_BM,glideosome-associated protein 50,sequestered,253
PF3D7_0423700,PFD1120c.1,-0.989064241558851,9.81405351581709,0.014309879643514,0.05168113557203,blood_vs_BM,early transcribed membrane protein 4,sexc,255
PF3D7_1454300,PF3D7_1454300.1,1.13209663093575,3.64600647510786,0.014956074198925,0.053572167417462,blood_vs_BM,SNF1-related serine/threonine protein kinase KIN,mat_gam,241
PF3D7_0532300,PFE1600w.1,0.73957450746155,10.32061158775,0.015390733206866,0.054239922672584,blood_vs_BM,"Plasmodium exported protein (PHISTb), unknown function",circulating,101
PF3D7_1239200,PF3D7_1239200.1,0.633625181538821,5.60149998545663,0.015323084407184,0.054239922672584,blood_vs_BM,"AP2 domain transcription factor, putative",sequestered,212
PF3D7_0202200,PF3D7_0202200.1,-0.489537611336582,11.2883669308046,0.016353564872429,0.056718316263899,blood_vs_BM,EMP1-trafficking protein,circulating,16
PF3D7_1410400,PF14_0102.1,-1.2297103696436,2.54600685775677,0.016239487328405,0.056718316263899,blood_vs_BM,rhoptry-associated protein 1,sexc,266
PF3D7_1372100,MAL13P1_475.1,-1.28448357390253,5.05500195748758,0.017788711616741,0.061209976193039,blood_vs_BM,"Plasmodium exported protein (PHISTb), unknown function",gam_ring,110
PF3D7_0423500,PFD1110w.1,-1.33222028411584,4.8518546547461,0.018394441136269,0.061833621358073,blood_vs_BM,glideosome associated protein with multiple membrane spans 2,sexc,266
PF3D7_1236200,PFL1750c.1,-1.05175432855736,6.63102215746215,0.018294440730054,0.061833621358073,blood_vs_BM,"conserved Plasmodium protein, unknown function",sexc,255
PF3D7_0601900,PFF0090w.1,-0.48182769684609,11.3511791046936,0.018835843336303,0.062834072808888,blood_vs_BM,"conserved Plasmodium protein, unknown function",circulating,90
PF3D7_0406200,PFD0310w.1,-0.987782987053134,10.5884932656347,0.020359234829782,0.064601541907067,blood_vs_BM,sexual stage-specific protein precursor,gam_ring,13
PF3D7_0702000,PF3D7_0702000.1,-0.744843018806365,8.33320045786836,0.02034257000576,0.064601541907067,blood_vs_BM,"Plasmodium exported protein (hyp12), unknown function",circulating,18
PF3D7_0810800,PF08_0095.1,0.57704701856441,8.47547339844941,0.019697018812197,0.064601541907067,blood_vs_BM,hydroxymethyldihydropterin pyrophosphokinase-dihydropteroate synthase,sequestered,137
PF3D7_0816800,MAL8P1_76.1,1.22500913996352,4.75602871325349,0.020400486918021,0.064601541907067,blood_vs_BM,"meiotic recombination protein DMC1, putative",mat_gam,35
PF3D7_1020800,PF10_0407.1,1.15055587221483,4.01407207360117,0.019960262256708,0.064601541907067,blood_vs_BM,dihydrolipoamide acyltransferase component E2,mat_gam,240
PF3D7_1230400,PFL1465c.1,0.833297733291214,5.39207082650468,0.019567939318158,0.064601541907067,blood_vs_BM,ATP-dependent protease subunit ClpQ,sequestered,195
PF3D7_1472900,PF14_0697.1,-0.646976336118461,8.17648502837059,0.022201407013533,0.069798668092907,blood_vs_BM,"dihydroorotase, putative",imm_gam,125
PF3D7_0113700,PFA0660w.1,-0.496230885808144,9.77892101247297,0.022386201637457,0.06987692939692,blood_vs_BM,"heat shock protein 40, type II",circulating,41
PF3D7_1038700,PF10_0377.1,-0.79655479626979,5.91849457916405,0.024729456640899,0.076643776965057,blood_vs_BM,"Plasmodium exported protein, unknown function",sequestered,131
PF3D7_0322300,PFC0995c.1,-0.643031158632639,5.95314248798336,0.026349555984923,0.081089830742333,blood_vs_BM,diacylglycerol O-acyltransferase,sequestered,182
PF3D7_1104100,PF11_0052.1,0.547003733957003,8.04823440325372,0.027151592114762,0.082973746532524,blood_vs_BM,"syntaxin, Qa-SNARE family",circulating,16
PF3D7_1128600,PF11_0297.1,-1.45186093120565,2.77119477456863,0.028458222124897,0.086362799087361,blood_vs_BM,"CCR4-NOT transcription complex subunit 2, putative",imm_gam,193
PF3D7_0202100,PF3D7_0202100.1,-0.452390009329833,9.44689292606596,0.030364383937486,0.089497777843589,blood_vs_BM,liver stage associated protein 2,circulating,18
PF3D7_0215000,PFB0685c.1,0.899568192356344,2.96051953991404,0.030059849016923,0.089497777843589,blood_vs_BM,acyl-CoA synthetase,sexc,255
PF3D7_0507200,PFE0355c.1,0.708393874919855,4.62980294689991,0.030414357451577,0.089497777843589,blood_vs_BM,subtilisin-like protease 3,sequestered,242
PF3D7_0703900,MAL7P1_15.1,0.467567420629693,9.01523213625958,0.029933027364772,0.089497777843589,blood_vs_BM,"conserved Plasmodium membrane protein, unknown function",circulating,59
PF3D7_1208400,PF3D7_1208400.1,-0.822177250409693,3.33270025535472,0.030515260637746,0.089497777843589,blood_vs_BM,"amino acid transporter, putative",sequestered,230
PF3D7_1338100,MAL13P1_190.1,0.536875652416034,8.55031817988245,0.031086605629486,0.09056564440057,blood_vs_BM,"26S proteasome regulatory subunit RPN3, putative",sequestered,197
PF3D7_0621200,PFF1025c.1,0.415708187715367,9.51216768879765,0.032851831106347,0.094400677489434,blood_vs_BM,pyridoxine biosynthesis protein PDX1,circulating,101
PF3D7_0628400,PFF1377w.1,0.643896751960754,5.24299051218848,0.033267057971105,0.094400677489434,blood_vs_BM,"protease, putative",circulating,53
PF3D7_0628400,PFF1377w.1,0.643896751960754,5.24299051218848,0.033267057971105,0.094400677489434,blood_vs_BM,"protease, putative",sequestered,200
PF3D7_1343300,PF13_0237.1,-0.932159282073848,6.07437382293321,0.033218916210139,0.094400677489434,blood_vs_BM,"CDT1-like protein, putative",sequestered,179
PF3D7_1238800,PFL1880w.1,-0.432494565830411,9.85312313652103,0.03387414930583,0.095503246752567,blood_vs_BM,acyl-CoA synthetase,circulating,18
PF3D7_1367700,PF13_0354.1,1.2405029261058,5.86882606665449,0.034245769416608,0.095932059199088,blood_vs_BM,alanine--tRNA ligase,circulating,79
PF3D7_0726400,MAL7P1_146.1,-0.469055086971253,7.40459154884695,0.034550125306955,0.096168183179232,blood_vs_BM,"conserved Plasmodium membrane protein, unknown function",sequestered,181
PF3D7_0301700,PFC0085c.1,-0.349817385105098,10.1850712308219,0.035102622147175,0.096477018102613,blood_vs_BM,"Plasmodium exported protein, unknown function",circulating,90
PF3D7_1346800,PF13_0248.1,-1.01857143848319,3.89525639376655,0.034883470040407,0.096477018102613,blood_vs_BM,6-cysteine protein,imm_gam,36
PF3D7_1366600,PF13_0350.1,-1.06308673657731,8.35267636893412,0.035576427036933,0.097168116344622,blood_vs_BM,"signal recognition particle receptor subunit alpha, putative",sequestered,121
PF3D7_1476200,PF14_0731.1,-0.522885880114464,9.6198965671535,0.038403463507263,0.104237972376858,blood_vs_BM,"Plasmodium exported protein (PHISTb), unknown function",circulating,92
PF3D7_1476200,PF14_0731.1,-0.522885880114464,9.6198965671535,0.038403463507263,0.104237972376858,blood_vs_BM,"Plasmodium exported protein (PHISTb), unknown function",circulating,92
PF3D7_0721200,MAL7P1_112.1,-0.806320425651752,6.96449859053864,0.039260948743716,0.105907620993852,blood_vs_BM,"conserved Plasmodium protein, unknown function",circulating,27
PF3D7_0812400,PF08_0087.1,-0.597541897690185,9.35592321993197,0.039804048344935,0.106713921022924,blood_vs_BM,karyopherin alpha,sequestered,121
PF3D7_1340300,PF13_0219.1,-0.933864267207365,8.69643225291899,0.04052637118897,0.107987952497438,blood_vs_BM,"nucleolar complex protein 2, putative",circulating,68
PF3D7_1310500,PF3D7_1310500.1,1.10183841892081,6.88767459445704,0.041269075897236,0.109300522224802,blood_vs_BM,"ER membrane protein complex subunit 7, putative",sequestered,157
PF3D7_1252300,PFL2515c.1,-0.394303243660189,12.7933955910441,0.041834811117001,0.110131400350176,blood_vs_BM,"conserved Plasmodium protein, unknown function",circulating,90
PF3D7_0814000,PF08_0075.1,-0.307553148686102,11.6122586697378,0.042199073994808,0.110425121770844,blood_vs_BM,"60S ribosomal protein L13-2, putative",circulating,86
PF3D7_0210600,PFB0475c.1,1.00124319891952,4.31563888191549,0.042629820549634,0.110888283215418,blood_vs_BM,"conserved protein, unknown function",sequestered,275
PF3D7_1214500,PFL0700w.1,-0.526930206554348,6.69674851993323,0.04366907679737,0.112602960967176,blood_vs_BM,"conserved Plasmodium protein, unknown function",mat_gam,240
PF3D7_1476600,PF3D7_1476600.1,0.504069924856933,4.77718405783879,0.043804355524988,0.112602960967176,blood_vs_BM,"Plasmodium exported protein, unknown function",gam_ring,13
PF3D7_0321900,PFC0970w.1,0.469035799785909,8.22702600660159,0.047073913794679,0.118909250452454,blood_vs_BM,cyclic amine resistance locus protein,circulating,97
PF3D7_0520800,PFE1045c.1,0.632277798966572,3.73723929300968,0.046896205148089,0.118909250452454,blood_vs_BM,"conserved protein, unknown function",sequestered,180
PF3D7_1478000,PF14_0752.1,0.299680386931131,10.9884559879098,0.046994341450338,0.118909250452454,blood_vs_BM,"Plasmodium exported protein (PHISTa), unknown function",circulating,23
PF3D7_1436600,PF14_0346.1,-1.20120207220568,2.73938355000158,0.047538254189005,0.11939205218733,blood_vs_BM,cGMP-dependent protein kinase,sexc,272
PF3D7_1472200,PF14_0690.1,-0.758212126108939,9.50549667690707,0.048171686774859,0.120291583546362,blood_vs_BM,"histone deacetylase, putative",circulating,31
PF3D7_1322100,MAL13P1_122.1,0.444114866620877,9.27197861793198,0.052272583924561,0.129790449858143,blood_vs_BM,histone-lysine N-methyltransferase SET2,circulating,23
PF3D7_0831400,PF3D7_0831400.1,0.694693416176543,8.34466244646327,0.052766268787814,0.129986777360699,blood_vs_BM,"Plasmodium exported protein, unknown function",imm_gam,95
PF3D7_1019400,PF10_0187.1,-0.323543102670467,11.9862032778461,0.054138486513312,0.132170495007359,blood_vs_BM,"60S ribosomal protein L30e, putative",circulating,80
PF3D7_0723700,PF07_0100.1,1.1872745378347,5.07550329558537,0.055388900948408,0.13447194285808,blood_vs_BM,"metallo-hydrolase/oxidoreductase, putative",sequestered,144
PF3D7_0811600,PF08_0091.1,0.781991654705938,5.40668656158804,0.056316222299523,0.135967895828131,blood_vs_BM,"conserved protein, unknown function",sequestered,253
PF3D7_0306800,PFC0285c.1,0.396158898460041,10.3346983108421,0.057071179533818,0.137033546463068,blood_vs_BM,T-complex protein 1 subunit beta,circulating,85
PF3D7_0503400,PFE0165w.1,-0.692428729360305,5.71689360004929,0.057831805240669,0.138101086831542,blood_vs_BM,actin-depolymerizing factor 1,sequestered,273
PF3D7_0105800,PFA0285c.1,0.784352117894598,2.28513004571499,0.058929898185263,0.139437086022887,blood_vs_BM,"cyclin-dependent kinases regulatory subunit, putative",sexc,224
PF3D7_1352400,MAL13P1_266.1,0.413711878461954,7.39497986315953,0.059029430009689,0.139437086022887,blood_vs_BM,"conserved Plasmodium protein, unknown function",sequestered,176
PF3D7_1372400,MAL13P1_485.1,-0.863903456989084,0.803327195402072,0.059944547099342,0.140837457432324,blood_vs_BM,acyl-CoA synthetase,sequestered,135
PF3D7_0520000,PFE1005w.1,0.304020511396991,11.8146102418729,0.062700895580377,0.141408389399372,blood_vs_BM,"40S ribosomal protein S9, putative",circulating,86
PF3D7_0603500,PF3D7_0603500.1,-0.85176439960881,3.30321633438793,0.061161124697565,0.141408389399372,blood_vs_BM,cation/H+ antiporter,sequestered,212
PF3D7_0603500,PF3D7_0603500.1,-0.85176439960881,3.30321633438793,0.061161124697565,0.141408389399372,blood_vs_BM,cation/H+ antiporter,sequestered,213
PF3D7_0705400,PF07_0023.1,0.819739136054983,6.10604209704691,0.061855034708155,0.141408389399372,blood_vs_BM,DNA replication licensing factor MCM7,sequestered,212
PF3D7_0813900,PF08_0076.1,0.293313456179881,11.8864847453921,0.062688264328336,0.141408389399372,blood_vs_BM,"40S ribosomal protein S16, putative",circulating,104
PF3D7_0923300,PF3D7_0923300.1,0.536964250563971,6.5856307661432,0.062190624576847,0.141408389399372,blood_vs_BM,perforin-like protein 3,circulating,55
PF3D7_1023300,PF10_0226.1,0.638693631111441,1.11000605994527,0.062776264401552,0.141408389399372,blood_vs_BM,"conserved protein, unknown function",sequestered,200
PF3D7_1415700,PF14_0155.1,-0.768798333745264,5.0778571082259,0.066192214459985,0.148338449841094,blood_vs_BM,"serine palmitoyltransferase, putative",mat_gam,240
PF3D7_1451400,PF3D7_1451400.1,-0.444291741015963,7.81865770272373,0.069365756481703,0.154257024619141,blood_vs_BM,transcriptional regulatory protein sir2b,sequestered,132
PF3D7_1469800,PF14_0666.1,-0.470717061574765,7.03270255053926,0.06953920789467,0.154257024619141,blood_vs_BM,"conserved Plasmodium protein, unknown function",sequestered,166
PF3D7_1001600,PF10_0020.1,0.639683968283068,5.04507993660507,0.070473569858482,0.155540151657356,blood_vs_BM,exported lipase 2,sexc,224
PF3D7_0528100,PFE1400c.1,0.443463778343645,9.73761976226923,0.077191588007573,0.169511175674921,blood_vs_BM,"AP-1 complex subunit beta, putative",circulating,58
PF3D7_1479000,PF14_0761.1,0.729105696799938,6.9585502343695,0.079357270274754,0.173395635550338,blood_vs_BM,acyl-CoA synthetase,circulating,17
PF3D7_1144000,PF11_0454.1,-0.318517288082953,12.746094248553,0.083528244984614,0.181601209245155,blood_vs_BM,40S ribosomal protein S21,circulating,62
PF3D7_0416000,PFD0775c.1,-0.45727908220532,8.04597995582381,0.08472201128709,0.183284747190387,blood_vs_BM,"RNA-binding protein, putative",sequestered,245
PF3D7_0307200,PFC0300c.1,0.292551794609318,12.6239292618487,0.087480946931698,0.186259431050122,blood_vs_BM,"60S ribosomal protein L7, putative",circulating,104
PF3D7_0519300,PFE0970w.1,-0.492132027205156,5.34531824294584,0.088006726734488,0.186259431050122,blood_vs_BM,"protoheme IX farnesyltransferase, putative",sequestered,183
PF3D7_1013200,PF10_0129.1,-0.822809052286049,5.35807206240946,0.088228151550058,0.186259431050122,blood_vs_BM,"conserved Plasmodium protein, unknown function",sequestered,214
PF3D7_1353100,PF3D7_1353100.1,0.379828145559129,13.9475243043091,0.087432222186019,0.186259431050122,blood_vs_BM,"Plasmodium exported protein, unknown function",circulating,50
PF3D7_1450900,PF14_0484.1,0.534239670106841,1.48105951979552,0.089420609701082,0.187869261727754,blood_vs_BM,"acetyl-CoA acetyltransferase, putative",sequestered,171
PF3D7_0112200,PFA0590w.1,0.536266651200554,6.08050544376054,0.092580772884935,0.193577979668499,blood_vs_BM,multidrug resistance-associated protein 1,sequestered,141
PF3D7_0509800,PF3D7_0509800.1,0.367559109410094,8.76600230084426,0.093850785308627,0.194373427392749,blood_vs_BM,phosphatidylinositol 4-kinase,circulating,22
PF3D7_0816500,MAL8P1_78.1,-0.852711294419332,1.95226218895373,0.093586074317586,0.194373427392749,blood_vs_BM,"small heat shock protein HSP20, putative",mat_gam,240
PF3D7_0206200,PF3D7_0206200.1,0.581064025745483,4.62663009378714,0.097109634776012,0.198487901583977,blood_vs_BM,pantothenate transporter,sequestered,275
PF3D7_0615100,PFF0730c.1,0.680948674548149,3.41419918648161,0.097200025031971,0.198487901583977,blood_vs_BM,enoyl-acyl carrier reductase,imm_gam,84
PF3D7_0615100,PFF0730c.1,0.680948674548149,3.41419918648161,0.097200025031971,0.198487901583977,blood_vs_BM,enoyl-acyl carrier reductase,sequestered,258
PF3D7_1115600,PF11_0164.1,0.547022302867372,7.85973074970366,0.096362024047042,0.198487901583977,blood_vs_BM,peptidyl-prolyl cis-trans isomerase,sequestered,227
PF3D7_1420300,PF14_0197.1,0.521005832972575,7.8480462775314,0.097908835398596,0.199005400321797,blood_vs_BM,DNL-type zinc finger protein,circulating,59
PF3D7_0219700,PFB0900c.1,-0.367824110739776,8.27128910993812,0.100272866237653,0.202866863638215,blood_vs_BM,"Plasmodium exported protein (PHISTc), unknown function",circulating,18
PF3D7_0114000,PFA0675w.1,0.712450437030154,5.22111411340929,0.101738559265637,0.20469237856295,blood_vs_BM,exported protein family 1,imm_gam,36
PF3D7_0206900,PFB0305c.1,0.831463115312999,3.70148797922958,0.102111987475339,0.20469237856295,blood_vs_BM,merozoite surface protein 5,sequestered,277
PF3D7_0830800,PF08_0002.1,0.65433391251051,1.30008956109799,0.104193040125945,0.207910312945378,blood_vs_BM,surface-associated interspersed protein 8.2 (SURFIN 8.2),gam_ring,110
PF3D7_0204400,PFB0196C.1,0.476428905135973,6.21876745921479,0.105466898753386,0.209495612523772,blood_vs_BM,"dynein light chain, putative",circulating,97
PF3D7_1301400,PF13_0073.1,-0.477710137902305,9.64894439449845,0.106455057010941,0.210501628569145,blood_vs_BM,"Plasmodium exported protein (hyp12), unknown function",circulating,90
PF3D7_1232500,PFL1565c.1,0.593980052305391,2.85569255326767,0.111009905684394,0.216568432071786,blood_vs_BM,"CG2-related protein, putative",sexc,266
PF3D7_1251600,PFL2480w.1,-0.352602981609404,8.54446232947311,0.110618381086695,0.216568432071786,blood_vs_BM,"conserved Plasmodium protein, unknown function",circulating,60
PF3D7_1038400,PF10_0374.1,0.480015920118666,4.68042246610049,0.11213323868441,0.217787668022609,blood_vs_BM,gametocyte-specific protein,mat_gam,240
PF3D7_0525000,PFE1245w.1,0.516995440643886,8.45635898455028,0.11417998145079,0.220781645548652,blood_vs_BM,"zinc finger protein, putative",circulating,90
PF3D7_0501000,PFE0050w.1,-0.282875727963331,11.0165764332401,0.115193954264334,0.221341686924977,blood_vs_BM,"Plasmodium exported protein, unknown function",circulating,90
PF3D7_1417400,PF14_0172.1,0.646927953071336,2.40501000551817,0.115482619265205,0.221341686924977,blood_vs_BM,"rap guanine nucleotide exchange factor, putative, pseudogene",sexc,272
PF3D7_1417400,PF14_0172.1,0.646927953071336,2.40501000551817,0.115482619265205,0.221341686924977,blood_vs_BM,"rap guanine nucleotide exchange factor, putative, pseudogene",sexc,272
PF3D7_1030900,PF10_0302.1,-0.766483143667625,5.14443647085612,0.116586570667719,0.222481796427044,blood_vs_BM,ookinete surface protein P28,mat_gam,67
PF3D7_0727200,MAL7P1_150.1,0.920041141684726,8.25779423528868,0.11753046220979,0.2233078781986,blood_vs_BM,"cysteine desulfurase, putative",circulating,59
PF3D7_1323400,PF13_0132.1,0.265691394160145,11.6435147611018,0.119966222266874,0.226949087145558,blood_vs_BM,60S ribosomal protein L23,circulating,80
PF3D7_1100900,PF11_0016.1,0.876984093754106,2.51171479994977,0.122502366404794,0.230747991891789,blood_vs_BM,"exported protein family 1, pseudogene",circulating,24
PF3D7_1100900,PF11_0016.1,0.876984093754106,2.51171479994977,0.122502366404794,0.230747991891789,blood_vs_BM,"exported protein family 1, pseudogene",sequestered,267
PF3D7_1303500,PF13_0019.1,0.411481056488351,7.96615503308958,0.123522606527774,0.231671154732349,blood_vs_BM,sodium/hydrogen exchanger,sequestered,211
PF3D7_0507500,PFE0370c.1,0.527158941489179,4.9316589998096,0.124891648244309,0.23323782172121,blood_vs_BM,subtilisin-like protease 1,sexc,266
PF3D7_0422000,PF3D7_0422000.1,0.942255459548367,4.20691586194129,0.131217818151504,0.244009304392371,blood_vs_BM,"steroid dehydrogenase, putative",gam_ring,110
PF3D7_1466200,PF14_0631.1,-0.521829515340196,5.96391827829173,0.136920583955131,0.253535149103357,blood_vs_BM,early gametocyte enriched phosphoprotein EGXP,gam_ring,110
PF3D7_1309800,PF13_0054.1,-0.937790884899592,3.02498151575751,0.142227618403288,0.262250925072729,blood_vs_BM,"conserved protein, unknown function",imm_gam,107
PF3D7_1477700,PF14_0748.1,-1.0051555961451,3.65108330092762,0.148671505784872,0.27298087406718,blood_vs_BM,"Plasmodium exported protein (PHISTa), unknown function",gam_ring,44
PF3D7_1464600,PF14_0614.1,0.202869296670466,9.88438512226749,0.154550525849193,0.28258819998367,blood_vs_BM,"serine/threonine protein phosphatase UIS2, putative",circulating,42
PF3D7_0523000,PFE1150w.1,0.218924656114302,11.1926550968556,0.159500820343622,0.290424410375678,blood_vs_BM,multidrug resistance protein 1,circulating,28
PF3D7_1313800,MAL13P1_70.1,-0.36703764264025,9.01152085443126,0.161113779516951,0.292144073231981,blood_vs_BM,"conserved Plasmodium membrane protein, unknown function",circulating,27
PF3D7_1132800,PF11_0338.1,-0.489398977605545,6.21084348278622,0.164767805796901,0.29631082770883,blood_vs_BM,aquaglyceroporin,sexc,255
PF3D7_1361800,MAL13P1_308.1,0.397026415663517,4.67758542026943,0.164470472626778,0.29631082770883,blood_vs_BM,glideosome-associated connector,sexc,266
PF3D7_0106000,PFA0295c.1,0.396038677646748,5.11607382477714,0.166442867437062,0.29809644700818,blood_vs_BM,"conserved protein, unknown function",sequestered,237
PF3D7_1401400,PF14_0016.1,0.239865374954456,14.4748274209083,0.172245943013657,0.307230518763136,blood_vs_BM,early transcribed membrane protein 14.1,circulating,23
PF3D7_0109800,PF3D7_0109800.1,0.404707983839144,10.1217304416329,0.177651191451516,0.315583620586636,blood_vs_BM,phenylalanine--tRNA ligase alpha subunit,circulating,70
PF3D7_1126100,PF11_0271.1,-0.618917250708564,4.17097379415282,0.17983745385565,0.316890997318223,blood_vs_BM,"autophagy-related protein 7, putative",sequestered,143
PF3D7_1477300,PF14_0744.1,-0.586085953391667,4.26966631184948,0.179351034043455,0.316890997318223,blood_vs_BM,"Plasmodium exported protein (PHIST), unknown function",gam_ring,44
PF3D7_1023100,PF10_0224.1,0.802666532648977,3.25472054940397,0.185228586010382,0.325079887897739,blood_vs_BM,"dynein heavy chain, putative",sequestered,254
PF3D7_0411300,PF3D7_0411300.1,-0.329767798248833,7.13046851457706,0.186125238604427,0.325346917080538,blood_vs_BM,"conserved Plasmodium protein, unknown function",sequestered,206
PF3D7_0303900,PFC0176c.1,-0.524095040674114,4.99218089399756,0.187742465391548,0.326428149211741,blood_vs_BM,"phosphatidylethanolamine-binding protein, putative",mat_gam,241
PF3D7_1200700,PFL0035c.1,0.240804635957675,12.4618084242217,0.188237742794871,0.326428149211741,blood_vs_BM,acyl-CoA synthetase,circulating,23
PF3D7_0613900,PFF0675c.1,0.51960273605431,3.02883465989685,0.191328984580025,0.330477337001862,blood_vs_BM,"myosin E, putative",sexc,266
PF3D7_0613900,PFF0675c.1,0.51960273605431,3.02883465989685,0.191328984580025,0.330477337001862,blood_vs_BM,"myosin E, putative",sequestered,277
PF3D7_0113400,PF3D7_0113400.1,-0.381712312599487,4.36493784546088,0.193333707306037,0.331320902324464,blood_vs_BM,"Plasmodium exported protein, unknown function",gam_ring,81
PF3D7_0113400,PFA0640c.1,-0.511139061398,4.80787385412605,0.192733794944764,0.331320902324464,blood_vs_BM,"Plasmodium exported protein, unknown function",gam_ring,81
PF3D7_1253400,PFL2570w.1,-0.74401710681568,4.39442123177621,0.198900016734658,0.339528544191584,blood_vs_BM,acyl-CoA synthetase,sequestered,205
PF3D7_1351600,PF13_0269.1,-0.568510313787665,5.90896435412313,0.20312644702823,0.345393997476017,blood_vs_BM,glycerol kinase,sequestered,5
PF3D7_0424500,PFD1165w.1,-0.240056309268145,10.8060934699442,0.207889993390554,0.345429380652745,blood_vs_BM,"serine/threonine protein kinase, FIKK family",circulating,23
PF3D7_0933400,PFI1615w.1,-0.620044576037266,4.0739159863721,0.207005896765063,0.345429380652745,blood_vs_BM,"conserved Plasmodium protein, unknown function",sequestered,203
PF3D7_1107800,PF11_0091.1,0.302601757990632,9.78090361545353,0.207590787411955,0.345429380652745,blood_vs_BM,"AP2 domain transcription factor, putative",sequestered,274
PF3D7_1234700,PFL1675c.1,-0.461089857268556,4.7756026082196,0.204042890881068,0.345429380652745,blood_vs_BM,upregulated in late gametocytes ULG8,mat_gam,67
PF3D7_1240100,PF3D7_1240100.1,-0.251882782909275,10.4518203360648,0.206830596659178,0.345429380652745,blood_vs_BM,early transcribed membrane protein 12,circulating,18
PF3D7_1246200,PFL2215w.1,-0.425422695966858,8.46633794859358,0.206917183088096,0.345429380652745,blood_vs_BM,actin I,sequestered,273
PF3D7_0731600,PF07_0129.1,-0.513711059504775,6.39912596458707,0.213012092418225,0.351268997685903,blood_vs_BM,acyl-CoA synthetase,sequestered,130
PF3D7_1473200,PF14_0700.1,-0.363316270011347,9.24942557446633,0.21254473064111,0.351268997685903,blood_vs_BM,"DnaJ protein, putative",gam_ring,81
PF3D7_1248400,PFL2320w.1,-0.482329983753926,4.66281984807576,0.214159785468233,0.35183393326924,blood_vs_BM,"conserved Plasmodium protein, unknown function",mat_gam,49
PF3D7_0622900,PFF1100c.1,-0.371365301271521,7.84887478476043,0.222260007674758,0.361291663972286,blood_vs_BM,AP2 domain transcription factor AP2Tel,circulating,23
PF3D7_0622900,PFF1100c.1,-0.371365301271521,7.84887478476043,0.222260007674758,0.361291663972286,blood_vs_BM,AP2 domain transcription factor AP2Tel,circulating,31
PF3D7_1022600,PF10_0219.1,0.272708169755923,7.70450369686863,0.222396928166007,0.361291663972286,blood_vs_BM,kelch protein K10,circulating,59
PF3D7_1250600,PFL2430c.1,-0.240156148901986,8.93782518846622,0.22189809819758,0.361291663972286,blood_vs_BM,"translation initiation factor eIF-2B subunit beta, putative",circulating,103
PF3D7_0315600,PFC0680w.1,0.55166420800578,3.88420180607562,0.242789049097443,0.391508540426504,blood_vs_BM,"zinc finger protein, putative",mat_gam,240
PF3D7_1327800,PF13_0157.1,0.410307612025533,7.74138267850688,0.242026090102843,0.391508540426504,blood_vs_BM,"ribose-phosphate pyrophosphokinase, putative",circulating,85
PF3D7_1021600,PF10_0210.1,-0.654763629790428,5.54766032503334,0.247033956995569,0.396889114731851,blood_vs_BM,"deoxyribose-phosphate aldolase, putative",sequestered,120
PF3D7_0206300,PFB0279w.1,-0.327387330645042,6.54576298095173,0.252540357877986,0.402824847467971,blood_vs_BM,"pentafunctional AROM polypeptide, putative, pseudogene",gam_ring,81
PF3D7_0206300,PFB0279w.1,-0.327387330645042,6.54576298095173,0.252540357877986,0.402824847467971,blood_vs_BM,"pentafunctional AROM polypeptide, putative, pseudogene",gam_ring,81
PF3D7_1116700,PF11_0174.1,0.176057778005533,11.5545818979209,0.252572101158408,0.402824847467971,blood_vs_BM,dipeptidyl aminopeptidase 1,circulating,98
PF3D7_0522000,PFE1100w.1,-0.412979896988044,5.90638039020382,0.261188220992459,0.415051827540743,blood_vs_BM,"conserved Plasmodium protein, unknown function",sequestered,121
PF3D7_0603300,PF3D7_0603300.1,0.46285141975769,6.86201005497327,0.263902263575822,0.41721366631619,blood_vs_BM,dihydroorotate dehydrogenase,circulating,89
PF3D7_0603300,PF3D7_0603300.1,0.46285141975769,6.86201005497327,0.263902263575822,0.41721366631619,blood_vs_BM,dihydroorotate dehydrogenase,circulating,96
PF3D7_1229000,PFL1405w.1,-0.30886774664393,7.40347216099921,0.264458090548249,0.41721366631619,blood_vs_BM,"conserved Plasmodium membrane protein, unknown function",circulating,78
PF3D7_1446400,PF14_0441.1,-0.395591225428643,3.82560355442454,0.268898775873509,0.422693399484616,blood_vs_BM,pyruvate dehydrogenase E1 component subunit beta,sequestered,131
PF3D7_1461800,PF14_0588.1,-0.716444842562953,3.18932449621876,0.271035638918912,0.424525355582668,blood_vs_BM,"conserved Plasmodium protein, unknown function",sequestered,209
PF3D7_0609800,PFF0485c.1,0.268828484096165,6.28432384275711,0.272538343182469,0.425354485609782,blood_vs_BM,"palmitoyltransferase DHHC2, putative",sexc,272
PF3D7_0217500,PFB0815w.1,0.477583434400069,4.94004795912435,0.27786300412766,0.430589123417686,blood_vs_BM,calcium-dependent protein kinase 1,sequestered,270
PF3D7_1002200,PF10_0026.1,0.235640204153094,8.18396122102891,0.282829854826234,0.43673726699316,blood_vs_BM,tryptophan-rich antigen 3,sequestered,160
PF3D7_0113900,PF3D7_0113900.1,-0.373632757583944,12.4586249817715,0.291431710711026,0.441939025787472,blood_vs_BM,CX3CL1-binding protein 1,circulating,31
PF3D7_0619500,PFF0945c.1,0.44485936182894,8.07417110415356,0.291556004928699,0.441939025787472,blood_vs_BM,acyl-CoA synthetase,sequestered,129
PF3D7_0619500,PFF0945c.1,0.44485936182894,8.07417110415356,0.291556004928699,0.441939025787472,blood_vs_BM,acyl-CoA synthetase,sequestered,137
PF3D7_0904000,PFI0195c.1,0.164113978407202,10.2478112343443,0.292174093428276,0.441939025787472,blood_vs_BM,"GTPase-activating protein, putative",circulating,66
PF3D7_0920000,PFI0980w.1,-0.410657381719998,5.36188183123732,0.291088828152815,0.441939025787472,blood_vs_BM,"long chain fatty acid elongation enzyme, putative",gam_ring,110
PF3D7_1212800,PFL0630w.1,-0.370109251969008,6.90432076422226,0.288295665324622,0.441939025787472,blood_vs_BM,"succinate dehydrogenase [ubiquinone] iron-sulfur subunit, mitochondrial",sequestered,212
PF3D7_1235800,PFL1730c.1,-0.449041186364943,4.34058699971886,0.292266312248465,0.441939025787472,blood_vs_BM,"conserved Plasmodium protein, unknown function",circulating,21
PF3D7_0217300,PFB0805c.1,0.199239406873112,8.78833840004214,0.299794155182721,0.451758778671893,blood_vs_BM,"AP-2 complex subunit sigma, putative",sequestered,260
PF3D7_1224000,PFL1155w.1,-0.29224728691803,8.28605786045384,0.309158886833963,0.464269531087429,blood_vs_BM,GTP cyclohydrolase 1,sequestered,141
PF3D7_0301000,PFC0050c.1,0.302754453766221,6.56957389973843,0.311756912298122,0.466567707788628,blood_vs_BM,acyl-CoA synthetase,circulating,73
PF3D7_0627800,PFF1350c.1,0.23030990587984,8.48626302373889,0.314703057078714,0.469369405950164,blood_vs_BM,"acetyl-CoA synthetase, putative",circulating,58
PF3D7_0627800,PFF1350c.1,0.23030990587984,8.48626302373889,0.314703057078714,0.469369405950164,blood_vs_BM,"acetyl-CoA synthetase, putative",circulating,106
PF3D7_0708000,MAL7P1_25.1,-0.555070078755386,4.98689504209374,0.320374262537593,0.474647418219199,blood_vs_BM,"cytoskeleton associated protein, putative",imm_gam,165
PF3D7_1328800,PF3D7_1328800.1,-0.209882492453828,6.80547060903403,0.320909381400119,0.474647418219199,blood_vs_BM,transcriptional regulatory protein sir2a,sequestered,275
PF3D7_1451800,PF14_0493.1,0.194367686353094,7.96474576493348,0.321500310738863,0.474647418219199,blood_vs_BM,sortilin,sequestered,176
PF3D7_0923600,PF3D7_0923600.1,0.320953052602892,2.00486637130453,0.328023645887144,0.482647586709366,blood_vs_BM,lipoate-protein ligase 2,sequestered,195
PF3D7_0819400,PF3D7_0819400.1,-0.486403678601189,2.79842688135105,0.329422190613217,0.483078849993207,blood_vs_BM,perforin-like protein 4,imm_gam,207
PF3D7_1359600,MAL13P1_295.1,-0.531479871601856,4.60484956605335,0.331992167253365,0.485219321370303,blood_vs_BM,"conserved Plasmodium protein, unknown function",sequestered,141
PF3D7_0604000,PF3D7_0604000.1,-0.294102351991115,3.10266493443188,0.335288558102083,0.488403666302035,blood_vs_BM,"conserved Plasmodium protein, unknown function",sequestered,145
PF3D7_0604000,PF3D7_0604000.1,-0.294102351991115,3.10266493443188,0.335288558102083,0.488403666302035,blood_vs_BM,"conserved Plasmodium protein, unknown function",sequestered,153
PF3D7_1437700,PF14_0357.1,0.275966937346005,1.32076124530757,0.336619141788633,0.488712840404095,blood_vs_BM,"succinyl-CoA ligase, putative",sequestered,218
PF3D7_1211900,PF3D7_1211900.1,0.340633847436221,9.07567486005877,0.338741021362323,0.490164987865348,blood_vs_BM,non-SERCA-type Ca2+ -transporting P-ATPase,circulating,113
PF3D7_0424800,PF3D7_0424800.1,-0.336779232064764,9.1164242999642,0.340031050920341,0.490407819314155,blood_vs_BM,"Plasmodium exported protein (PHISTb), unknown function",circulating,23
PF3D7_0301600,PFC0080c.1,-0.200686110809809,10.3012742846609,0.34376711758233,0.4941652315246,blood_vs_BM,"Plasmodium exported protein (hyp1), unknown function",circulating,23
PF3D7_0510800,PFE0540w.1,-0.465785396907696,4.84708937474222,0.346841680840836,0.496950211565394,blood_vs_BM,"WD repeat-containing protein, putative",sequestered,3
PF3D7_0510800,PFE0540w.1,-0.465785396907696,4.84708937474222,0.346841680840836,0.496950211565394,blood_vs_BM,"WD repeat-containing protein, putative",imm_gam,36
PF3D7_0910900,PFI0530c.1,0.262765366917408,3.76555119047762,0.354465900043655,0.506214373591756,blood_vs_BM,"DNA primase large subunit, putative",sequestered,213
PF3D7_0511200,PF3D7_0511200.1,-0.41248812013726,3.47328097704551,0.358824630884807,0.51076991432137,blood_vs_BM,stearoyl-CoA desaturase,sequestered,235
PF3D7_1225600,PFL1235c.1,0.275926263952483,8.2948051644211,0.364031103799691,0.516498676495016,blood_vs_BM,"conserved Plasmodium protein, unknown function",circulating,105
PF3D7_0729300,PF07_0121.1,-0.126711071076006,8.5429546061742,0.369850344911606,0.52136967976249,blood_vs_BM,"60S ribosomal export protein NMD3, putative",circulating,68
PF3D7_0936600,PFI1770w.1,-0.206292045171652,8.70176079023327,0.369289278381973,0.52136967976249,blood_vs_BM,gametocyte exported protein 5,gam_ring,13
PF3D7_1412800,PF14_0127.1,0.45583630551943,7.04562435980096,0.372596309945409,0.521873677712,blood_vs_BM,glycylpeptide N-tetradecanoyltransferase,circulating,73
PF3D7_1458800,PF14_0561.1,0.343755016500302,6.50778436360872,0.372363189057601,0.521873677712,blood_vs_BM,"DNA-directed RNA polymerase III subunit RPC5, putative",circulating,60
PF3D7_0911100,PFI0540w.1,-0.303929587917791,3.7576463735087,0.380429737098922,0.531143115374533,blood_vs_BM,"conserved protein, unknown function",sequestered,275
PF3D7_1149600,PF3D7_1149600.1,0.327313404788369,9.32855517289744,0.38725562926852,0.535540221488428,blood_vs_BM,"DnaJ protein, putative",circulating,23
PF3D7_1319300,PF13_0109.1,-0.143230184399158,10.2347809477934,0.385988999684889,0.535540221488428,blood_vs_BM,"tRNA (guanine(26)-N(2))-dimethyltransferase, putative",circulating,60
PF3D7_1444300,PF3D7_1444300.1,-0.344977360207383,8.58582047446353,0.386148018201995,0.535540221488428,blood_vs_BM,"1-acyl-sn-glycerol-3-phosphate acyltransferase, putative",sequestered,252
PF3D7_1113900,PF11_0147.1,0.455390611809231,2.9666862308553,0.389115154645501,0.536332134917018,blood_vs_BM,mitogen-activated protein kinase 2,imm_gam,210
PF3D7_1325200,PF13_0144.1,0.454867181641137,1.5133112182543,0.39307833352399,0.538480350313428,blood_vs_BM,"lactate dehydrogenase, putative",mat_gam,240
PF3D7_0402000,PFD0090c.1,0.16329680948651,7.83653933134184,0.400081752237831,0.546361642899788,blood_vs_BM,"Plasmodium exported protein (PHISTa), unknown function",sequestered,130
PF3D7_0318900,PF3D7_0318900.1,0.137637915973477,8.7225595547019,0.409062914119693,0.553438060279585,blood_vs_BM,"conserved protein, unknown function",circulating,101
PF3D7_1225100,PFL1210w.1,-0.317245380124198,5.21094195024653,0.408340773993051,0.553438060279585,blood_vs_BM,"isoleucine--tRNA ligase, putative",sequestered,140
PF3D7_1401100,PF3D7_1401100.1,-0.147642533275094,13.0932087482711,0.408668262973767,0.553438060279585,blood_vs_BM,"DnaJ protein, putative",circulating,23
PF3D7_1247700,PFL2285c.1,0.308916921607806,4.85459796596583,0.412462865119252,0.556315654497263,blood_vs_BM,"conserved Plasmodium protein, unknown function",sequestered,254
PF3D7_1208200,PFL0410w.1,0.270100564807661,3.78925893919272,0.420714757457643,0.565699535412276,blood_vs_BM,cysteine repeat modular protein 3,circulating,21
PF3D7_1410600,PF14_0104.1,0.143627601132819,10.6787632020919,0.424732139331907,0.569349524196452,blood_vs_BM,"eukaryotic translation initiation factor 2 subunit gamma, putative",circulating,60
PF3D7_0206300,PFB0280w.1,-0.245136641452182,7.31896176860121,0.426370982622976,0.569798530294314,blood_vs_BM,"pentafunctional AROM polypeptide, putative, pseudogene",gam_ring,81
PF3D7_0206300,PFB0280w.1,-0.245136641452182,7.31896176860121,0.426370982622976,0.569798530294314,blood_vs_BM,"pentafunctional AROM polypeptide, putative, pseudogene",gam_ring,81
PF3D7_0201500,PFB0075c.1,0.186206073915788,8.91974831141724,0.433542336285356,0.577615856575307,blood_vs_BM,"Plasmodium exported protein (hyp9), unknown function",circulating,90
PF3D7_1405500,PF14_0052.1,0.303593864133501,8.41691138299037,0.438801393317212,0.582845619694899,blood_vs_BM,"COBW domain-containing protein 1, putative",circulating,112
PF3D7_0104300,PFA0220w.1,0.166016260010831,9.06649002473803,0.447795905416115,0.592990335354067,blood_vs_BM,"ubiquitin carboxyl-terminal hydrolase 1, putative",circulating,16
PF3D7_0104300,PFA0220w.1,0.166016260010831,9.06649002473803,0.447795905416115,0.592990335354067,blood_vs_BM,"ubiquitin carboxyl-terminal hydrolase 1, putative",circulating,18
PF3D7_1223100,PFL1110c.1,0.314177760939431,3.49908504402952,0.450281333116457,0.593269160358367,blood_vs_BM,cAMP-dependent protein kinase regulatory subunit,sexc,272
PF3D7_1004000,PF10_0043.1,-0.104554481636796,12.1574585963117,0.460748387725992,0.604645782090867,blood_vs_BM,"60S ribosomal protein L13, putative",circulating,80
PF3D7_0504400,PFE0215w.1,-0.223651962245071,4.54511082300227,0.463395608957819,0.606299045253194,blood_vs_BM,"ATP-dependent helicase, putative",sequestered,189
PF3D7_0820400,PF3D7_0820400.1,-0.256210258336751,3.92004745746251,0.467388964066579,0.607883861003259,blood_vs_BM,"conserved Plasmodium protein, unknown function",sequestered,155
PF3D7_1244100,PFL2120w.1,-0.133240128721349,7.57441367446184,0.466325639013111,0.607883861003259,blood_vs_BM,"N-alpha-acetyltransferase 15, NatA auxiliary subunit, putative",circulating,93
PF3D7_1009800,PF10_0095.1,0.377319973995292,6.58029149505939,0.472665906644898,0.612922852236856,blood_vs_BM,"conserved Plasmodium membrane protein, unknown function",circulating,82
PF3D7_0501300,PFE0065w.1,-0.159391617268799,12.7403404031013,0.498764762948333,0.644852666888821,blood_vs_BM,skeleton-binding protein 1,circulating,23
PF3D7_0211700,PFB0520w.1,0.229444324079857,7.13184558638865,0.504376262262303,0.648271842966548,blood_vs_BM,"tyrosine kinase-like protein, putative",sequestered,178
PF3D7_1360500,MAL13P1_301.1,0.183367244421973,5.64033143842954,0.507258000847663,0.650063772347298,blood_vs_BM,guanylyl cyclase beta,imm_gam,84
PF3D7_1360500,MAL13P1_301.1,0.183367244421973,5.64033143842954,0.507258000847663,0.650063772347298,blood_vs_BM,guanylyl cyclase beta,sequestered,203
PF3D7_1033200,PF10_0323.1,-0.117335622900891,10.2874771877875,0.520431690819529,0.664996049380509,blood_vs_BM,early transcribed membrane protein 10.2,circulating,90
PF3D7_0414500,PFD0700c.1,0.450049639699964,3.85097055484546,0.527324358152427,0.671838905284579,blood_vs_BM,"RNA-binding protein, putative",imm_gam,202
PF3D7_0618000,PFF0870w.1,0.270302123777353,3.73108397216388,0.534258831859166,0.678695085821092,blood_vs_BM,"conserved Plasmodium membrane protein, unknown function",sequestered,143
PF3D7_0618000,PFF0870w.1,0.270302123777353,3.73108397216388,0.534258831859166,0.678695085821092,blood_vs_BM,"conserved Plasmodium membrane protein, unknown function",sexc,266
PF3D7_1338800,MAL13P1_195.1,0.229936254235443,6.64302463566155,0.539752412901557,0.683686389675306,blood_vs_BM,CPW-WPC family protein,mat_gam,240
PF3D7_1327300,PF13_0161.1,-0.29504715520407,4.81723131749732,0.542277070267507,0.684899074297401,blood_vs_BM,"conserved Plasmodium protein, unknown function",sequestered,279
PF3D7_1433900,PF14_0320.1,0.230406257064008,3.8734227980562,0.556766053431759,0.701172234437114,blood_vs_BM,"protein kinase, putative",sexc,255
PF3D7_0927200,PFI1335w.1,-0.209303767200867,3.57761143501807,0.574735244339853,0.719654159818097,blood_vs_BM,"zinc finger protein, putative",mat_gam,240
PF3D7_1467600,PF14_0644.1,-0.301045908554722,4.4203792041097,0.574047928031437,0.719654159818097,blood_vs_BM,"conserved Plasmodium protein, unknown function",gam_ring,110
PF3D7_1337000,MAL13P1_184.1,0.190028376376919,0.443225531619028,0.596849528018127,0.743086164512596,blood_vs_BM,"mitochondrial intermediate peptidase, putative",sequestered,140
PF3D7_1331000,PF13_0166.1,0.200763301296892,4.69505811959966,0.603682519665329,0.747241923049524,blood_vs_BM,"protein kinase, putative",sexc,272
PF3D7_0524000,PFE1195w.1,0.083725867012526,10.782556383123,0.613673561667327,0.749093146504531,blood_vs_BM,karyopherin beta,circulating,79
PF3D7_0930300,PF3D7_0930300.1,-0.199048416515638,2.80861072985158,0.610815648910813,0.749093146504531,blood_vs_BM,merozoite surface protein 1,sequestered,270
PF3D7_1141200,PF11_0423.1,-0.214048310051442,1.88328253211477,0.608651800800422,0.749093146504531,blood_vs_BM,"ATP synthase-associated protein, putative",sequestered,183
PF3D7_1476500,PF14_0735.1,-0.216389469280547,1.97668104355632,0.612973520464866,0.749093146504531,blood_vs_BM,"probable protein, unknown function",gam_ring,44
PF3D7_0604100,PF3D7_0604100.1,0.196611058494367,2.78991922093117,0.619741260417904,0.754392564909816,blood_vs_BM,AP2 domain transcription factor,sequestered,213
PF3D7_0604100,PF3D7_0604100.1,0.196611058494367,2.78991922093117,0.619741260417904,0.754392564909816,blood_vs_BM,AP2 domain transcription factor,sequestered,244
PF3D7_1404200,PF14_0039.1,-0.203692915687481,3.82459248553298,0.623502237740717,0.756862438590815,blood_vs_BM,"conserved Plasmodium protein, unknown function",mat_gam,49
PF3D7_1102500,PF11_0037.1,0.174210347121295,7.78631894362872,0.630753867497418,0.761909225653313,blood_vs_BM,"Plasmodium exported protein (PHISTb), unknown function",gam_ring,81
PF3D7_1103700,PF11_0048.1,-0.1335022873276,9.25733433320815,0.631146772737985,0.761909225653313,blood_vs_BM,casein kinase II beta chain,circulating,76
PF3D7_1114800,PF11_0157.1,-0.156755888422192,0.791804562360553,0.637969356728437,0.765913760687711,blood_vs_BM,"glycerol-3-phosphate dehydrogenase, putative",imm_gam,210
PF3D7_1252500,PFL2525c.1,-0.135346382450875,6.96816053711574,0.637632609252144,0.765913760687711,blood_vs_BM,"Plasmodium exported protein, unknown function",gam_ring,13
PF3D7_1001100,PF10_0015.1,0.262002124150616,7.28914810257832,0.640050970864354,0.766307600733487,blood_vs_BM,"acyl-CoA binding protein, isoform 1, ACBP1",circulating,18
PF3D7_1001100,PF10_0015.1,0.262002124150616,7.28914810257832,0.640050970864354,0.766307600733487,blood_vs_BM,"acyl-CoA binding protein, isoform 1, ACBP1",circulating,23
PF3D7_0831000,PF3D7_0831000.1,-0.141903644384906,7.39164418352457,0.643157692966515,0.767923256356195,blood_vs_BM,"Plasmodium exported protein (PHISTb), unknown function",imm_gam,95
PF3D7_0501400,PFE0070w.1,0.194021733649929,9.38380754193671,0.646551514186681,0.769871966483868,blood_vs_BM,interspersed repeat antigen,circulating,18
PF3D7_0412000,PFD0595w.1,-0.161047345258925,5.93181084996242,0.654887827093773,0.77673221251624,blood_vs_BM,"LITAF-like zinc finger protein, putative",sequestered,212
PF3D7_1473700,PF14_0706.1,0.230943633249212,5.03507047310772,0.655867703474811,0.77673221251624,blood_vs_BM,"nucleoporin NUP116/NSP116, putative",gam_ring,81
PF3D7_1360100,PF13_0318.1,0.176284595671234,7.88470117585221,0.659657555031784,0.779109058240242,blood_vs_BM,"RNA-binding protein, putative",circulating,76
PF3D7_1016600,PF3D7_1016600.1,-0.143398270734019,7.62158173845263,0.669966255923177,0.788221723936494,blood_vs_BM,"Plasmodium exported protein (PHISTc), unknown function",imm_gam,125
PF3D7_1102600,PF11_0038.1,-0.248844550319813,3.26487585628021,0.670980506417336,0.788221723936494,blood_vs_BM,"Plasmodium exported protein, unknown function",gam_ring,44
PF3D7_0613700,PFF0665c.1,-0.101135188541207,6.11661755369882,0.677672348544697,0.792906026974668,blood_vs_BM,"syntaxin-binding protein, putative",sequestered,179
PF3D7_0828000,MAL8P1_16.1,0.187214918802469,4.67385236351455,0.678596920111043,0.792906026974668,blood_vs_BM,rhomboid protease ROM3,mat_gam,240
PF3D7_0305300,PFC0240c.1,0.071829872481525,10.7303033255124,0.69378646058219,0.808492488731778,blood_vs_BM,"conserved Plasmodium membrane protein, unknown function",circulating,17
PF3D7_1364500,PF13_0340.1,0.194849305892499,8.06390517078024,0.703146609200011,0.817220926118098,blood_vs_BM,"exosome complex component RRP45, putative",circulating,59
PF3D7_1016400,PF3D7_1016400.1,0.082569756160784,11.0497468952018,0.708943130552477,0.821772275998494,blood_vs_BM,"serine/threonine protein kinase, FIKK family",circulating,86
PF3D7_0710100,PF07_0041.1,0.205382587395432,7.5619905747426,0.712800400335967,0.821872111713574,blood_vs_BM,"conserved protein, unknown function",circulating,73
PF3D7_0722900,MAL7P1_123.1,0.133662275363236,0.988472731980426,0.714671401490065,0.821872111713574,blood_vs_BM,"conserved protein, unknown function",circulating,24
PF3D7_1401300,PF3D7_1401300.1,0.086044492299988,8.25003328335083,0.712983063062735,0.821872111713574,blood_vs_BM,epoxide hydrolase 2,imm_gam,95
PF3D7_0936000,PFI1740c.1,-0.05398124600167,11.5699079660046,0.72444651998333,0.828751647206061,blood_vs_BM,ring-exported protein 2,circulating,38
PF3D7_1301700,PF3D7_1301700.1,-0.095391163143345,12.8926113200008,0.724095119798543,0.828751647206061,blood_vs_BM,CX3CL1-binding protein 2,circulating,38
PF3D7_0219600,PFB0895c.1,-0.086737078674609,3.06809655644757,0.727752705541571,0.830360136610096,blood_vs_BM,"replication factor C subunit 1, putative",sequestered,182
PF3D7_0422300,PFD1050w.1,0.19033133745236,4.62434191782938,0.734787799655927,0.831871161786633,blood_vs_BM,alpha tubulin 2,mat_gam,240
PF3D7_0525500,PFE1270c.1,-0.085466815299765,7.39979680859414,0.731726142803451,0.831871161786633,blood_vs_BM,"WD repeat-containing protein, putative",circulating,105
PF3D7_1477900,PF14_0751.1,-0.141838010416051,4.14385165067239,0.733864089751198,0.831871161786633,blood_vs_BM,"acyl-CoA synthetase, pseudogene",gam_ring,44
PF3D7_1423300,PF14_0224.1,0.145682716837471,1.99672585173664,0.740927061355283,0.834497746938811,blood_vs_BM,serine/threonine protein phosphatase 7,sexc,272
PF3D7_1466800,PF14_0636.1,-0.170362041917185,7.77678203641006,0.740416931611584,0.834497746938811,blood_vs_BM,"conserved Plasmodium protein, unknown function",sequestered,120
PF3D7_0730300,PF3D7_0730300.1,0.097877023126073,10.4382342747026,0.746695469031426,0.838832699143273,blood_vs_BM,"AP2 domain transcription factor AP2-L, putative",circulating,23
PF3D7_0719200,MAL7P1_100.1,-0.171720195387925,3.88902698007995,0.756371198344536,0.845179439433162,blood_vs_BM,NIMA related kinase 4,mat_gam,67
PF3D7_0721300,MAL7P1_113.1,0.066118153635601,8.40782214140558,0.755586115054901,0.845179439433162,blood_vs_BM,"ATP-dependent RNA helicase DBP7, putative",circulating,85
PF3D7_1476200,PF14_0730.1,0.098546772240622,8.59319842835469,0.758147231711212,0.845179439433162,blood_vs_BM,"Plasmodium exported protein (PHISTb), unknown function",circulating,92
PF3D7_1476200,PF14_0730.1,0.098546772240622,8.59319842835469,0.758147231711212,0.845179439433162,blood_vs_BM,"Plasmodium exported protein (PHISTb), unknown function",circulating,92
PF3D7_0925300,PF3D7_0925300.1,0.115942388867832,2.39226597388319,0.764334776726416,0.84839148521955,blood_vs_BM,"proline--tRNA ligase, putative",sequestered,216
PF3D7_1213400,PFL0650c.1,0.075573050954031,3.79004836613327,0.76491131619337,0.84839148521955,blood_vs_BM,"kelch domain-containing protein, putative",NA,282
PF3D7_0532400,PFE1605w.1,-0.068755868641449,9.57513030687995,0.778129228287341,0.858118323440405,blood_vs_BM,lysine-rich membrane-associated PHISTb protein,circulating,92
PF3D7_1218000,PFL0870w.1,-0.097652523481906,6.14194087630781,0.779572023811993,0.858118323440405,blood_vs_BM,thrombospondin-related apical membrane protein,sequestered,275
PF3D7_1356300,PF13_0301.1,0.183932193124198,4.11006814599041,0.777805077762515,0.858118323440405,blood_vs_BM,"ubiquitin-conjugating enzyme E2, putative",sexc,266
PF3D7_0926400,PF3D7_0926400.1,-0.065339285080192,8.16114745094708,0.786873677398604,0.862103530779798,blood_vs_BM,"monocarboxylate transporter, putative",sequestered,204
PF3D7_1313600,PF3D7_1313600.1,-0.109512329922606,4.988497044152,0.787138006364163,0.862103530779798,blood_vs_BM,"conserved protein, unknown function",sequestered,253
PF3D7_0501200,PF3D7_0501200.1,0.047936710258106,9.74896489548168,0.798969964519042,0.870697941383594,blood_vs_BM,parasite-infected erythrocyte surface protein,circulating,90
PF3D7_1001500,PF10_0019.1,-0.105046445892668,15.4662428050469,0.798887935729627,0.870697941383594,blood_vs_BM,early transcribed membrane protein 10.1,circulating,38
PF3D7_0516500,PFE0825w.1,0.101357760592652,4.29551857420551,0.803652549104369,0.871454501137988,blood_vs_BM,"major facilitator superfamily domain-containing protein, putative",mat_gam,240
PF3D7_0708400,PF07_0029.1,0.056047359380899,10.8998613761429,0.803223876699335,0.871454501137988,blood_vs_BM,heat shock protein 90,circulating,91
PF3D7_1474400,PF14_0712.1,0.086362012532545,2.36043481376404,0.813598354247038,0.880055645559296,blood_vs_BM,"conserved Plasmodium protein, unknown function",mat_gam,240
PF3D7_1001900,PF3D7_1001900.1,0.051259552820005,11.441476413061,0.815973736945147,0.880445735913653,blood_vs_BM,"Plasmodium exported protein (hyp16), unknown function",circulating,27
PF3D7_1120400,PF3D7_1120400.1,-0.051808503889693,8.74452238612488,0.818992642355103,0.881526563323103,blood_vs_BM,"alpha/beta hydrolase fold domain containing protein, putative",circulating,23
PF3D7_1352500,PF13_0272.1,-0.033408367011537,10.1987553472426,0.822745269500097,0.883389883959564,blood_vs_BM,"thioredoxin-related protein, putative",sequestered,197
PF3D7_1138400,PF11_0395.1,0.071382818780649,4.73706921022971,0.825527453913389,0.884204650392527,blood_vs_BM,guanylyl cyclase,sequestered,242
PF3D7_0721100,PF07_0087.1,-0.087636232522536,6.59428895595889,0.848514709586798,0.904567690110037,blood_vs_BM,"conserved protein, unknown function",sequestered,180
PF3D7_1009900,PF10_0096.1,-0.056915516980567,6.79934486909998,0.850909819852321,0.904567690110037,blood_vs_BM,"heptatricopeptide repeat-containing protein, putative",circulating,79
PF3D7_1338200,PF13_0213.1,0.025501950653477,12.4450305880171,0.854888915367152,0.904567690110037,blood_vs_BM,"60S ribosomal protein L6, putative",circulating,80
PF3D7_1354200,PF13_0285.1,-0.068320662797713,7.007902523203,0.849696080277193,0.904567690110037,blood_vs_BM,phosphoinositide phosphatase SAC1,sexc,272
PF3D7_1419100,PF14_0185.1,-0.063113829845892,6.47355252467259,0.854805836935156,0.904567690110037,blood_vs_BM,"ATP-dependent rRNA helicase SPB4, putative",circulating,66
PF3D7_0413700,PF3D7_0413700.1,0.059308338873563,3.72311381696633,0.875548071765555,0.924189631308085,blood_vs_BM,"lysine decarboxylase-like protein, putative",sequestered,182
PF3D7_1407000,PF14_0067.1,-0.071084453930669,5.1391721854678,0.884281897695678,0.931159492272317,blood_vs_BM,LCCL domain-containing protein,imm_gam,36
PF3D7_0811500,PF08_0092.1,0.062234323144219,6.98172349492182,0.898836601084487,0.939692810224691,blood_vs_BM,"histone-arginine methyltransferase CARM1, putative",circulating,60
PF3D7_1007600,PF10_0074.1,0.066457590792024,6.90493805642669,0.898288290642785,0.939692810224691,blood_vs_BM,"conserved protein, unknown function",circulating,104
PF3D7_1011700,PF10_0114.1,0.026575210483599,7.27619441803172,0.896460903915509,0.939692810224691,blood_vs_BM,"DNA repair protein RAD23, putative",sequestered,121
PF3D7_0516800,PF3D7_0516800.1,-0.043877778306059,4.25386758558975,0.903831200868687,0.942659271550397,blood_vs_BM,"AP2 domain transcription factor AP2-O2, putative",sequestered,212
PF3D7_1216700,PF3D7_1216700.1,0.039390422924664,5.33806454937848,0.914964652508225,0.951998936062129,blood_vs_BM,perforin-like protein 2,imm_gam,36
PF3D7_0801900,MAL8P1_154.1,0.038912829863639,6.37605857897785,0.918185951904477,0.95308138000536,blood_vs_BM,"lysine-specific histone demethylase, putative",gam_ring,13
PF3D7_0801900,MAL8P1_154.1,0.038912829863639,6.37605857897785,0.918185951904477,0.95308138000536,blood_vs_BM,"lysine-specific histone demethylase, putative",gam_ring,13
PF3D7_0204500,PFB0200c.1,0.021776475907845,8.54581403175508,0.922043166940451,0.954423892945324,blood_vs_BM,aspartate transaminase,circulating,112
PF3D7_0408700,PF3D7_0408700.1,0.02933518747388,1.72947573676688,0.925751957877294,0.954423892945324,blood_vs_BM,perforin-like protein 1,mat_gam,241
PF3D7_0504500,PFE0220w.1,0.041787537681033,4.54605161391908,0.928215456525772,0.954423892945324,blood_vs_BM,"MOLO1 domain-containing protein, putative",mat_gam,67
PF3D7_1477400,PF14_0745.1,-0.038768065670246,5.45748169745306,0.927165815869772,0.954423892945324,blood_vs_BM,"Plasmodium exported protein (PHIST), unknown function",gam_ring,44
PF3D7_1119400,PF11_0201.1,0.011843686646231,7.10508362991743,0.935123753101629,0.959270141092516,blood_vs_BM,"ubiquitin-protein ligase, putative",circulating,72
PF3D7_0702400,PF07_0007.1,-0.015760111561569,14.086217657704,0.938498068372446,0.960476945851894,blood_vs_BM,small exported membrane protein 1,circulating,90
PF3D7_1216200,PFL0780w.1,0.022424131476536,8.39962374190537,0.949289948190519,0.966992324846753,blood_vs_BM,"glycerol-3-phosphate dehydrogenase [NAD(+)], putative",circulating,50
PF3D7_1404600,PF14_0788.1,0.036003626997374,3.26055010396978,0.948452539497364,0.966992324846753,blood_vs_BM,adenylyl cyclase alpha,sequestered,7
PF3D7_1404600,PF14_0788.1,0.036003626997374,3.26055010396978,0.948452539497364,0.966992324846753,blood_vs_BM,adenylyl cyclase alpha,sexc,272
PF3D7_0613800,PF3D7_0613800.1,0.021856396573234,2.36723000207142,0.954501185870602,0.970039577268495,blood_vs_BM,"AP2 domain transcription factor, putative",sequestered,253
PF3D7_0103100,PFA0155c.1,-0.01664038435456,4.29592234015941,0.957900879865559,0.970372257992915,blood_vs_BM,"vacuolar protein sorting-associated protein 51, putative",sequestered,230
PF3D7_1017000,PF10_0165.1,-0.025673943596223,2.24123497217442,0.959269600578808,0.970372257992915,blood_vs_BM,DNA polymerase delta catalytic subunit,sequestered,189
PF3D7_1014400,PF10_0141.1,-0.010653551923947,8.47012610976619,0.967120572708407,0.973805737957543,blood_vs_BM,MO15-related protein kinase,circulating,88
PF3D7_1366300,MAL13P1_334.1,-0.012328576845486,7.65113421970253,0.966033791310016,0.973805737957543,blood_vs_BM,"conserved Plasmodium protein, unknown function",circulating,70
PF3D7_1366300,MAL13P1_334.1,-0.012328576845486,7.65113421970253,0.966033791310016,0.973805737957543,blood_vs_BM,"conserved Plasmodium protein, unknown function",circulating,82
PF3D7_0113000,PFA0620c.1,-0.004803552126522,11.0033575032075,0.986881030057441,0.991418414103683,blood_vs_BM,glutamic acid-rich protein GARP,circulating,101
PF3D7_0802100,MAL8P1_153.1,0.002692804716276,3.7020377367431,0.996518591753862,0.996518591753862,blood_vs_BM,"AP2 domain transcription factor, putative",sequestered,253
PF3D7_1011400,PF10_0111.1,-0.003605071259578,7.7481000885029,0.99435895840095,0.996518591753862,blood_vs_BM,proteasome subunit beta type-5,sequestered,188
